title,description,url,image,provider,datePublished
"Transfer news live: Premier League, MLS latest updates and more","We'll bring you the latest breaking news from the comings and goings in the Premier League, La Liga, MLS, the WSL and beyond as the summer transfer window takes shape.",https://www.nytimes.com/athletic/live-blogs/transfer-news-live-latest-updates/1gAvICrKb71l/,https://www.bing.com/th?id=OVFT.qR0Sqzm8QnINRan_4VYVPC&pid=News,The New York Times,19-Jun-2024
CJPI Releases Latest Research Findings On Subject Of Why Candidates Turn Down Jobs,"Executive search and consulting firm, CJPI, has published its latest research on the nature of candidate job refusal. This newest piece, hosted",https://markets.businessinsider.com/news/stocks/cjpi-releases-latest-research-findings-on-subject-of-why-candidates-turn-down-jobs-1033490914,https://www.bing.com/th?id=OVFT.Dg4hHzd5aobt9xX0AwfkBy&pid=News,Business Insider,19-Jun-2024
UK election latest: Starmer declines to rule out changes to council tax or pensions tax relief,"Sir Keir Starmer declined to rule out changes to council tax or pensions tax relief in government, but insisted his party’s plans did not require tax increases beyond those set",https://www.ft.com/content/e5e46a2c-6d00-4f18-af89-edd74af41209,https://www.bing.com/th?id=OVFT.4UI1P9QgzntcXkWvLeIPYC&pid=News,The Financial Times,18-Jun-2024
Milton-based designer Taniya Nayak’s latest HGTV gig is ‘Battle on the Beach’,"Growing up in South Weymouth, Taniya Nayak wanted to be an architect like her dad. She’d tag along to job sites, watch him draw plans, and build models for his Braintree-based architecture firm, B.D. Nayak Architects & Planners. And she was forever designing (and redesigning) her bedroom.",https://www.msn.com/en-us/news/us/milton-based-designer-taniya-nayak-s-latest-hgtv-gig-is-battle-on-the-beach/ar-BB1oxlgD,https://www.bing.com/th?id=OVFT.lFvpmPHpg5Sj2vB6YbOHqi&pid=News,The Boston Globe on MSN.com,19-Jun-2024
"Germany vs Hungary live updates: Euro 2024 Group A match team news, predictions and line-ups latest",Follow live coverage today as European Championship hosts Germany resume their campaign with a game against Hungary,https://www.nytimes.com/athletic/live-blogs/germany-hungary-live-updates-euro-2024-score-result/U5Y15Su6ZNHH/,https://www.bing.com/th?id=OVFT.WT_O5Kjf52JpuTny_Ny4Ky&pid=News,The New York Times,19-Jun-2024
Orioles pitching injuries: 10 potential trade candidates as Kyle Bradish becomes latest starter to hit IL,"The Baltimore Orioles received another helpings of bad pitching news on Wednesday, as they announced that right-hander Kyle Bradish will miss the rest of the season following elbow surgery. Bradish joins fellow starters John Means and Tyler Wells, both of whom required their own elbow surgeries last month.",https://www.cbssports.com/mlb/news/orioles-pitching-injuries-10-potential-trade-candidates-as-kyle-bradish-becomes-latest-starter-to-hit-il/,https://www.bing.com/th?id=OVFT.D1p4C8IwHX0jZGJpE51KMC&pid=News,CBSSports.com,19-Jun-2024
The ‘Perfect’ Umpire at the Center of Baseball’s Latest Gambling Scandal,"Pat Hoberg, who was suspended by MLB for violating the sport’s gambling rules, has a sparkling reputation among the diehard fans who follow baseball umpires",https://www.msn.com/en-us/sports/mlb/the-perfect-umpire-at-the-center-of-baseball-s-latest-gambling-scandal/ar-BB1onAdE,https://www.bing.com/th?id=OVFT.wMYHIx56JafckNldbzJpkC&pid=News,Wall Street Journal on MSN.com,17-Jun-2024
The latest tech devices for beauty and self-care,Tech expert Jessica Naziri shares smart devices for self-care and enhanced beauty routines using cutting-edge innovation.,https://www.msn.com/en-us/news/technology/the-latest-tech-devices-for-beauty-and-self-care/ar-BB1osPaK,https://www.bing.com/th?id=OVFT.42lcTINgWO2kCQwNmWSTEi&pid=News,CBS News on MSN.com,18-Jun-2024
Kyle Bradish injury update: Orioles starter undergoes Tommy John surgery in latest blow to Baltimore rotation,"The Baltimore Orioles will be without right-handed starter Kyle Bradish for the remainder of the season after he underwent Tommy John surgery, including the installation of an internal brace in support of his ulnar collateral ligament, the team announced Wednesday.",https://www.cbssports.com/mlb/news/kyle-bradish-injury-update-orioles-starter-undergoes-tommy-john-surgery-in-latest-blow-to-baltimore-rotation/,https://www.bing.com/th?id=OVFT.FgsAcqfyaR5rHmT68MuMFy&pid=News,CBSSports.com,19-Jun-2024
The Latest Analyst Ratings For Arcellx,"Ratings for Arcellx (NASDAQ:ACLX) were provided by 8 analysts in the past three months, showcasing a mix of bullish and bearish perspectives. The following table summarizes their recent ratings, shedding light on the changing sentiments within the past 30 days and comparing them to the preceding months.",https://markets.businessinsider.com/news/stocks/the-latest-analyst-ratings-for-arcellx-1033488447,https://www.bing.com/th?id=OVFT.vD0ZDg5Abp2pxWSmkRO6Wi&pid=News,Business Insider,18-Jun-2024
Latest SpaceX Starlink mission visible in Bakersfield,Conditions were right for Bakersfield residents to catch a glimpse of the latest SpaceX mission from the Central Coast.,https://news.yahoo.com/news/latest-spacex-starlink-mission-visible-043713551.html,https://www.bing.com/th?id=OVFT.HGL7CUkUJECijd4czFWkPS&pid=News,YAHOO!News,19-Jun-2024
"The Latest | Netanyahu accuses Biden of delaying weapons, but US says arms are flowing",BEIRUT — A senior advisor to United States President Joe Biden described the ongoing conflict between the Lebanese militant group Hezbollah and Israeli forces on the Lebanon-Israel border as a “very serious situation” and said Tuesday on a visit to Beirut that efforts to find a diplomatic solution to head off a larger war are urgent.,https://www.msn.com/en-gb/news/world/the-latest-a-top-us-diplomat-visits-beirut-after-attacks-across-israel-lebanon-border-intensify/ar-BB1or2MC,https://www.bing.com/th?id=OVFT.dK5p1NQhhofnt7aE2hVL5y&pid=News,The Associated Press on MSN.com,18-Jun-2024
"Heat wave latest: New England, New York and more facing dangerous temperatures",Dangerously high temperatures are hitting 14 states across the Midwest and Northeast on Wednesday as an unrelenting heat wave continues.,https://www.msn.com/en-us/weather/topstories/70-million-in-14-states-under-heat-alerts-amid-blistering-heat-wave/ar-BB1ovhD4,https://www.bing.com/th?id=OVFT.vWeY5EtssTzwuyIASm2Rgi&pid=News,ABC News on MSN.com,19-Jun-2024
Putin praises North Korea for “firmly supporting” war - Ukraine: The Latest,"Today, we bring you the latest updates from across Ukraine, analyse Putin’s surprise visit to North Korea and we go to Germany to hear about the tricky start Ukraine have had at the European football",https://www.msn.com/en-gb/news/world/putin-praises-north-korea-for-firmly-supporting-war-ukraine-the-latest/ar-BB1osrXG,https://www.bing.com/th?id=OVFT.Podvu4enaVEPLehAwP-whC&pid=News,The Telegraph on MSN.com,18-Jun-2024
Monty Williams to Lakers? The Latest on LA's Head Coaching Search,"The Los Angeles Lakers' head coaching search has been a rollercoaster. Multiple coaches have been the reported ""frontrunner"" at different times, including University of Connecticut head coach Dan Hurley, ESPN analyst JJ Redick, and former Charlotte Hornets head coach James Borrego.",https://www.msn.com/en-us/sports/other/monty-williams-to-lakers-the-latest-on-las-head-coaching-search/ar-BB1ox3aM,https://www.bing.com/th?id=OVFT.HxBqDCKn_AgG9Y00I5WiyS&pid=News,Newsweek on MSN.com,19-Jun-2024
The Latest | UN endorses US-backed cease-fire plan as Blinken holds talks on Gaza,"The U.N. Security Council on Monday afternoon overwhelmingly approved a U.S. resolution that welcomes a proposal for a cease-fire between Israel and Hamas. The U.S. says Israel has accepted the three-phase plan,",https://www.msn.com/he-il/news/other/the-latest-un-endorses-us-backed-cease-fire-plan-as-blinken-holds-talks-on-gaza/ar-BB1nYRLt,https://www.bing.com/th?id=OVFT.Rzs5SZTvTqqNF032rs8zsC&pid=News,Haaretz.com on MSN.com,11-Jun-2024
Dangerous heat wave spans New York to Chicago: Latest maps and temperatures,"Heat alerts have been issued for Tuesday in at least 19 states in the Midwest and Northeast, with some states expecting to see their hottest days in 30 years.",https://abcnews.go.com/US/scorching-heat-wave-continues-midwest-northeast/story?id=111207744,https://www.bing.com/th?id=OVFT.DkhiHjsKRoZZBLpepX1qxS&pid=News,ABC,18-Jun-2024
Kentucky basketball NBA draft streak likely to continue. Latest projections for UK players,"Reed Sheppard and Rob Dillingham lottery picks in 2024 NBA Draft? Here's what latest NBA mock drafts project for Sheppard, Dillingham and other Cats.",https://www.usatoday.com/story/sports/college/kentucky/2024/06/19/kentucky-basketball-nba-draft-2024-projections-reed-sheppard-rob-dillingham/73865320007/,https://www.bing.com/th?id=OVFT.SfigjH74R2OC2m0GWz6wvy&pid=News,USA Today,19-Jun-2024
Biden offers ‘condolences’ but no solution after latest illegal immigrant murder allegation,The White House offered condolences to the family of Rachel Morin but remained silent on what it would do to enhance border security and prevent future murders.,https://www.msn.com/en-us/news/crime/biden-offers-condolences-but-no-solution-after-latest-illegal-immigrant-murder-allegation/ar-BB1osaNX,https://www.bing.com/th?id=OVFT.V9LRDTacTxs0fHFcnD6uhi&pid=News,Fox News on MSN.com,18-Jun-2024
Philippines Says Sailor Lost Finger in Latest Confrontation With China in South China Sea,The latest confrontation in the South China Sea has allegedly resulted in a Filipino navy serviceman losing a thumb and risks escalating the conflict.,https://www.msn.com/en-us/news/world/like-pirates-philippines-says-armed-chinese-forces-hurt-sailor/ar-BB1ovkxp,https://www.bing.com/th?id=OVFT.-m4P6FuwZbNGJWK0vOTvzS&pid=News,Time on MSN.com,19-Jun-2024
Nvidia’s rally faces latest test in Friday’s record-setting ‘triple witching’ options expiration,"Nvidia shares could be in for a wild ride on Friday, as trading in contracts tied to the chip maker has surged ahead of a record-setting “triple",https://www.msn.com/en-us/money/markets/nvidia-s-rally-faces-latest-test-in-friday-s-record-setting-triple-witching-options-expiration/ar-BB1ouYCl,https://www.bing.com/th?id=OVFT.gDUEL1aLwHGRP8HSEBh7-C&pid=News,MarketWatch on MSN.com,19-Jun-2024
"Gleaming monolith pops up in Nevada desert, the latest in a series of quickly vanishing structures","Las Vegas police said that members of its search and rescue unit found the otherworldly object over the weekend near Gass Peak, part of the vast Desert National Wildlife Refuge.",https://www.bostonglobe.com/2024/06/19/nation/monolith-las-vegas-nevada/,https://www.bing.com/th?id=OVFT.oSBK9ItfxE-QnhRdiV1nvC&pid=News,The Boston Globe,19-Jun-2024
"The Latest | Netanyahu accuses Biden of delaying weapons, but US insists arms are flowing","Amos Hochstein, senior advisor to United States President Joe Biden, is meeting with officials in Beirut in an effort to find a diplomatic solution to head off a larger war",https://www.washingtonpost.com/national/2024/06/18/israel-hamas-gaza-latest-06-18-2024/73dce520-2d5e-11ef-bcdf-31cdebd3022f_story.html,https://www.bing.com/th?id=OVFT.beDYEqtP4WweLu-qALm35C&pid=News,The Washington Post,18-Jun-2024
Marjorie Taylor Greene's Latest Jan. 6 Remark Sparks Firestorm,"Representative Marjorie Taylor Greene 's latest remark about the U.S. Capitol riot on January 6, 2021, sparked a firestorm across social media on Saturday.",https://www.msn.com/en-us/news/politics/marjorie-taylor-greenes-latest-jan-6-remark-sparks-firestorm/ar-BB1oidtS,https://www.bing.com/th?id=OVFT.Zhx7qbUFow1-eKLN5jZcci&pid=News,Newsweek on MSN.com,17-Jun-2024
Is Sha'Carri Richardson running in the 2024 Paris Olympics? Latest on star sprinter,Richardson was disqualified from the Olympics in Tokyo but could make her debut in Paris. Here's the latest on her Olympic bid.,https://www.msn.com/en-us/sports/other/is-sha-carri-richardson-running-in-the-2024-paris-olympics-latest-on-star-sprinter/ar-BB1osz0S,https://www.bing.com/th?id=OVFT.Owxm0iR3xNtoRya_8s3SUy&pid=News,USA Today on MSN.com,18-Jun-2024
"The Latest | Netanyahu dissolves war Cabinet that directed Gaza conflict, Israeli officials say",Israeli officials say Prime Minister Benjamin Netanyahu has dissolved the influential War Cabinet that was tasked with steering the war in Gaza.,https://apnews.com/article/israel-hamas-gaza-latest-06-17-2024-a6eef579c6bd43cd73ac81967d83e0ae,https://www.bing.com/th?id=OVFT.TDLVxSp0QdVAT9Bbsgi3zC&pid=News,Associated Press,17-Jun-2024
Justin Timberlake drunk driving arrest is latest drama facing pop star and wife Jessica Biel,"Justin Timberlake's DWI arrest puts a spotlight on his marriage to Jessica Biel as the couple has faced a few hurdles in the past, from cheating to being hounded by the paparazzi.",https://www.msn.com/en-us/entertainment/entertainment-celebrity/justin-timberlake-drunk-driving-arrest-is-latest-drama-facing-pop-star-and-wife-jessica-biel/ar-BB1ouK5c,https://www.bing.com/th?id=OVFT.1W5mKLzF_F5ulb7xrqzBOS&pid=News,Fox News on MSN.com,19-Jun-2024
Could Philadelphia heat wave give us record high temperatures? Latest weather forecast,The Philadelphia region is now in the third day of a heat wave that started on Monday and began to build Tuesday.,https://www.msn.com/en-us/weather/topstories/could-philadelphia-heat-wave-give-us-record-high-temperatures-latest-weather-forecast/ar-BB1ovm6d,https://www.bing.com/th?id=OVFT.RNMXT4FaKJxTrmn_VKqiiC&pid=News,CBS Philadelphia on MSN.com,19-Jun-2024
Immigrant spouses of U.S. citizens protected from deportation under Biden’s latest action,President Biden's action will shield those without legal status who are spouses of U.S. citizens and have lived consecutively in the country for at least 10 years.,https://www.msn.com/en-us/news/politics/immigrant-spouses-of-us-citizens-protected-from-deportation-under-bidens-latest-action/ar-BB1oqx4H,https://www.bing.com/th?id=OVFT.J9SjQ8dnRAGAmjqkwDQqVC&pid=News,Los Angeles Times on MSN.com,18-Jun-2024
Russia’s latest crime in Mariupol: stealing property,"Some Mariupolans who fled to Ukrainian-held territory or Europe are now trying to go back, to get a Russian passport, re-register their property and, potentially, sell it. But Ukrainian passport-holders are now required to go through a filtration point at Moscow’s Sheremetyevo airport,",https://www.economist.com/europe/2024/06/19/russias-latest-crime-in-mariupol-stealing-property,https://www.bing.com/th?id=OVFT.mR1ONxwZ2GzoqDQwx_qIfi&pid=News,The Economist,19-Jun-2024
"Storm tracker: See latest details, possible path as tropical storm warning issued in Texas","Tropical storm warnings have been issued for parts of Texas for a nearby storm in the Gulf, according to the National Hurricane Center.",https://www.indystar.com/story/news/weather/2024/06/18/storm-path-tracker-map/74133586007/,https://www.bing.com/th?id=OVFT.bfPkNr6AgPJhRsqU1Lmeii&pid=News,The Indianapolis Star,18-Jun-2024
Ukraine war latest: Zelensky says Russia's Kharkiv offensive failed; Ukraine hits Russian Su-57 aircraft for first time,"Russia failed to fulfill its Kharkiv operation Military intelligence: Ukraine hits Russian Su-57 jet for first time Collaborator ex-mayor of Kupiansk in 'critical condition' after assassination attempt in Russia,",https://www.yahoo.com/news/ukraine-war-latest-zelensky-says-184048760.html,https://www.bing.com/th?id=OVFT.NE7EktVoGZ6Kfyb1ApLx1i&pid=News,Yahoo,09-Jun-2024
US Economy News Today: Fed Officials See Positive Development in Latest Inflation Report,"Today, consumers continue to feel inflationary pressures, despite a seemingly healthy economy and diminishing price increases.",https://www.investopedia.com/us-economy-news-today-june-14-8663510,https://www.bing.com/th?id=OVFT.oytVRAgAvalUkHHsqcXeli&pid=News,Investopedia,14-Jun-2024
